{"cameraMode":{"drawMode":0,"name":"Shaded","section":"Shading Mode"},"sceneLighting":false,"audioPlay":false,"sceneViewState":{"m_AlwaysRefresh":false,"showFog":true,"showSkybox":false,"showFlares":true,"showImageEffects":true,"showParticleSystems":true,"showVisualEffectGraphs":true,"m_FxEnabled":true},"in2DMode":false,"pivot":{"x":0.9605105519294739,"y":0.13032306730747224,"z":0.6276146769523621},"rotation":{"x":-0.024290842935442926,"y":0.3049583435058594,"z":-0.007791545707732439,"w":-0.9521762728691101},"size":0.8660253882408142,"orthographic":false}